{
	"name": "PL_01_GetSourceData",
	"properties": {
		"activities": [
			{
				"name": "LookupFwkConfig",
				"type": "Lookup",
				"dependsOn": [],
				"policy": {
					"timeout": "7.00:00:00",
					"retry": 0,
					"retryIntervalInSeconds": 30,
					"secureOutput": false,
					"secureInput": false
				},
				"userProperties": [],
				"typeProperties": {
					"source": {
						"type": "AzureSqlSource",
						"sqlReaderStoredProcedureName": "[dbo].[sps_LookupFwkConfig_ExecutionSequence]",
						"storedProcedureParameters": {
							"TriggerName": {
								"type": "String",
								"value": {
									"value": "@pipeline().parameters.TriggerName",
									"type": "Expression"
								}
							},
							"ADFName": {
								"type": "String",
								"value": {
									"value": "@pipeline().DataFactory",
									"type": "Expression"
								}
							},
							"ExecutionLayer": {
								"type": "String",
								"value": "Ingestion"
							},
							"DataMarketPlaceList": {
								"type": "String",
								"value": {
									"value": "@pipeline().parameters.DataMarketPlaceList",
									"type": "Expression"
								}
							}
						},
						"queryTimeout": "02:00:00",
						"partitionOption": "None"
					},
					"dataset": {
						"referenceName": "DS_SQL_Configuration",
						"type": "DatasetReference"
					},
					"firstRowOnly": false
				}
			},
			{
				"name": "ForEachObject",
				"type": "ForEach",
				"dependsOn": [
					{
						"activity": "LookupFwkLog",
						"dependencyConditions": [
							"Succeeded"
						]
					}
				],
				"userProperties": [],
				"typeProperties": {
					"items": {
						"value": "@array(activity('LookupFwkConfig').output.value)",
						"type": "Expression"
					},
					"isSequential": false,
					"activities": [
						{
							"name": "Switch_SourceType",
							"description": "Switch",
							"type": "Switch",
							"dependsOn": [],
							"userProperties": [],
							"typeProperties": {
								"on": {
									"value": "@string(item().SourceType)",
									"type": "Expression"
								},
								"cases": [
									{
										"value": "ADLS",
										"activities": [
											{
												"name": "Execute_PL_06 ADLS",
												"type": "ExecutePipeline",
												"dependsOn": [
													{
														"activity": "ADLSGetChildItems",
														"dependencyConditions": [
															"Succeeded"
														]
													}
												],
												"userProperties": [],
												"typeProperties": {
													"pipeline": {
														"referenceName": "PL_06_ADLS",
														"type": "PipelineReference"
													},
													"waitOnCompletion": true,
													"parameters": {
														"ChildItemsList": {
															"value": "@array(activity('ADLSGetChildItems').output.childItems)",
															"type": "Expression"
														},
														"PL_01TriggerTime": {
															"value": "@pipeline().TriggerTime",
															"type": "Expression"
														},
														"FwkItem": {
															"value": "@item()",
															"type": "Expression"
														},
														"FwkLogId": {
															"value": "@activity('LookupFwkLog').output.firstrow.FwkLogId",
															"type": "Expression"
														},
														"EntRunId": {
															"value": "@pipeline().parameters.EntRunId",
															"type": "Expression"
														}
													}
												}
											},
											{
												"name": "ADLSGetChildItems",
												"type": "GetMetadata",
												"dependsOn": [
													{
														"activity": "Set SrcObject_ADLS",
														"dependencyConditions": [
															"Succeeded"
														]
													}
												],
												"policy": {
													"timeout": "7.00:00:00",
													"retry": 0,
													"retryIntervalInSeconds": 30,
													"secureOutput": false,
													"secureInput": false
												},
												"userProperties": [],
												"typeProperties": {
													"dataset": {
														"referenceName": "DS_ADLS_Source",
														"type": "DatasetReference",
														"parameters": {
															"FwkItem": {
																"value": "@item()",
																"type": "Expression"
															},
															"flag": 2,
															"childitem": {
																"value": "@item()",
																"type": "Expression"
															}
														}
													},
													"fieldList": [
														"childItems"
													],
													"storeSettings": {
														"type": "AzureBlobFSReadSettings",
														"recursive": true
													},
													"formatSettings": {
														"type": "DelimitedTextReadSettings"
													}
												}
											},
											{
												"name": "Set SrcObject_ADLS",
												"type": "SetVariable",
												"dependsOn": [],
												"userProperties": [],
												"typeProperties": {
													"variableName": "prm_src_filename",
													"value": {
														"value": "@string(item().SrcObject)",
														"type": "Expression"
													}
												}
											}
										]
									},
									{
										"value": "SQL",
										"activities": [
											{
												"name": "Execute PL_02_SQLFullLoad",
												"type": "ExecutePipeline",
												"dependsOn": [],
												"userProperties": [],
												"typeProperties": {
													"pipeline": {
														"referenceName": "PL_02_ASQLFullLoad",
														"type": "PipelineReference"
													},
													"waitOnCompletion": true,
													"parameters": {
														"FwkItem": {
															"value": "@item()",
															"type": "Expression"
														},
														"PL_01TriggerTime": {
															"value": "@pipeline().TriggerTime",
															"type": "Expression"
														},
														"FwkLogId": {
															"value": "@activity('LookupFwkLog').output.firstrow.FwkLogId",
															"type": "Expression"
														},
														"EntRunId": {
															"value": "@pipeline().parameters.EntRunId",
															"type": "Expression"
														}
													}
												}
											}
										]
									}
								]
							}
						}
					]
				}
			},
			{
				"name": "InsertIntoFwkLog",
				"type": "SqlServerStoredProcedure",
				"dependsOn": [],
				"policy": {
					"timeout": "7.00:00:00",
					"retry": 0,
					"retryIntervalInSeconds": 30,
					"secureOutput": false,
					"secureInput": false
				},
				"userProperties": [],
				"typeProperties": {
					"storedProcedureName": "[dbo].[spi_FwkLogInsert]",
					"storedProcedureParameters": {
						"FwkRunId": {
							"value": {
								"value": "@pipeline().RunId",
								"type": "Expression"
							},
							"type": "String"
						},
						"PipelineTriggerDT": {
							"value": {
								"value": "@formatdatetime(pipeline().TriggerTime)",
								"type": "Expression"
							},
							"type": "Datetime"
						}
					}
				},
				"linkedServiceName": {
					"referenceName": "LS_sqlconfiguration",
					"type": "LinkedServiceReference"
				}
			},
			{
				"name": "sp_UpdateExecutionLogS",
				"type": "SqlServerStoredProcedure",
				"dependsOn": [
					{
						"activity": "ForEachObject",
						"dependencyConditions": [
							"Succeeded"
						]
					}
				],
				"policy": {
					"timeout": "7.00:00:00",
					"retry": 0,
					"retryIntervalInSeconds": 30,
					"secureOutput": false,
					"secureInput": false
				},
				"userProperties": [],
				"typeProperties": {
					"storedProcedureName": "[dbo].[spu_FwkLogUpdate]",
					"storedProcedureParameters": {
						"PipelineStatus": {
							"value": {
								"value": "Success",
								"type": "Expression"
							},
							"type": "String"
						},
						"FwkRunId": {
							"value": {
								"value": "@pipeline().RunId",
								"type": "Expression"
							},
							"type": "String"
						}
					}
				},
				"linkedServiceName": {
					"referenceName": "LS_sqlconfiguration",
					"type": "LinkedServiceReference"
				}
			},
			{
				"name": "LookupFwkLog",
				"type": "Lookup",
				"dependsOn": [
					{
						"activity": "InsertIntoFwkLog",
						"dependencyConditions": [
							"Succeeded"
						]
					},
					{
						"activity": "LookupFwkConfig",
						"dependencyConditions": [
							"Succeeded"
						]
					}
				],
				"policy": {
					"timeout": "7.00:00:00",
					"retry": 0,
					"retryIntervalInSeconds": 30,
					"secureOutput": false,
					"secureInput": false
				},
				"userProperties": [],
				"typeProperties": {
					"source": {
						"type": "AzureSqlSource",
						"sqlReaderStoredProcedureName": "[dbo].[sps_LookupFwkLog]",
						"storedProcedureParameters": {
							"FwkRunId": {
								"type": "String",
								"value": {
									"value": "@pipeline().RunId",
									"type": "Expression"
								}
							}
						},
						"queryTimeout": "02:00:00",
						"partitionOption": "None"
					},
					"dataset": {
						"referenceName": "DS_SQL_Configuration",
						"type": "DatasetReference"
					}
				}
			},
			{
				"name": "sp_UpdateExecutionLogF",
				"type": "SqlServerStoredProcedure",
				"dependsOn": [
					{
						"activity": "ForEachObject",
						"dependencyConditions": [
							"Failed"
						]
					}
				],
				"policy": {
					"timeout": "7.00:00:00",
					"retry": 0,
					"retryIntervalInSeconds": 30,
					"secureOutput": false,
					"secureInput": false
				},
				"userProperties": [],
				"typeProperties": {
					"storedProcedureName": "[dbo].[spu_FwkLogUpdate]",
					"storedProcedureParameters": {
						"PipelineStatus": {
							"value": {
								"value": "Failed",
								"type": "Expression"
							},
							"type": "String"
						},
						"FwkRunId": {
							"value": {
								"value": "@pipeline().RunId",
								"type": "Expression"
							},
							"type": "String"
						}
					}
				},
				"linkedServiceName": {
					"referenceName": "LS_sqlconfiguration",
					"type": "LinkedServiceReference"
				}
			}
		],
		"parameters": {
			"EntRunId": {
				"type": "string"
			},
			"TriggerName": {
				"type": "string"
			},
			"SAP_client": {
				"type": "string"
			},
			"DataMarketPlaceList": {
				"type": "string"
			}
		},
		"variables": {
			"prm_src_filename": {
				"type": "String"
			}
		},
		"folder": {
			"name": "01 Ingestion Module"
		},
		"annotations": [],
		"lastPublishTime": "2022-07-04T14:30:50Z"
	},
	"type": "Microsoft.DataFactory/factories/pipelines"
}