{
	"name": "PL_03_ASQLDeltaLoad",
	"properties": {
		"activities": [
			{
				"name": "IfTypeLoadInt",
				"type": "IfCondition",
				"dependsOn": [],
				"userProperties": [],
				"typeProperties": {
					"expression": {
						"value": "@and(equals(pipeline().parameters.FwkItem['TypeLoad'],0),equals(pipeline().parameters.FwkItem['WmkDataType'],1))",
						"type": "Expression"
					},
					"ifFalseActivities": [
						{
							"name": "LookupMaxValueSrcDate",
							"type": "Lookup",
							"dependsOn": [],
							"policy": {
								"timeout": "7.00:00:00",
								"retry": 0,
								"retryIntervalInSeconds": 30,
								"secureOutput": false,
								"secureInput": false
							},
							"userProperties": [],
							"typeProperties": {
								"source": {
									"type": "AzureSqlSource",
									"sqlReaderQuery": {
										"value": "SELECT MAX(@{pipeline().parameters.FwkItem['WmkColumnName']}) as OldWatermarkvalueDT from [@{pipeline().parameters.FwkItem['SchemaName']}].[@{pipeline().parameters.FwkItem['SrcObject']}]",
										"type": "Expression"
									},
									"queryTimeout": "02:00:00",
									"partitionOption": "None"
								},
								"dataset": {
									"referenceName": "DS_SQL_Source",
									"type": "DatasetReference",
									"parameters": {
										"FwkItem": {
											"value": "@pipeline().parameters.FwkItem",
											"type": "Expression"
										}
									}
								},
								"firstRowOnly": true
							}
						},
						{
							"name": "CopyDeltaDate",
							"type": "Copy",
							"dependsOn": [
								{
									"activity": "LookupMaxValueSrcDate",
									"dependencyConditions": [
										"Succeeded"
									]
								},
								{
									"activity": "LookupWmkConfigDate",
									"dependencyConditions": [
										"Succeeded"
									]
								}
							],
							"policy": {
								"timeout": "7.00:00:00",
								"retry": 0,
								"retryIntervalInSeconds": 30,
								"secureOutput": false,
								"secureInput": false
							},
							"userProperties": [],
							"typeProperties": {
								"source": {
									"type": "AzureSqlSource",
									"sqlReaderQuery": {
										"value": "SELECT * FROM [@{pipeline().parameters.FwkItem['SchemaName']}].[@{pipeline().parameters.FwkItem['SrcObject']}] \nWHERE @{pipeline().parameters.FwkItem['WmkColumnName']} > '@{convertToUtc(activity('LookupWmkConfigDate').output.firstrow.NewValueWatermark,'UTC','yyyy-MM-ddTHH:mm:ss')}'\nAND @{pipeline().parameters.FwkItem['TypeLoad']} = 0",
										"type": "Expression"
									},
									"queryTimeout": "02:00:00",
									"partitionOption": "None"
								},
								"sink": {
									"type": "DelimitedTextSink",
									"storeSettings": {
										"type": "AzureBlobStorageWriteSettings"
									},
									"formatSettings": {
										"type": "DelimitedTextWriteSettings",
										"quoteAllText": true,
										"fileExtension": ".csv"
									}
								},
								"enableStaging": false
							},
							"inputs": [
								{
									"referenceName": "DS_SQL_Source",
									"type": "DatasetReference",
									"parameters": {
										"FwkItem": {
											"value": "@pipeline().parameters.FwkItem",
											"type": "Expression"
										}
									}
								}
							],
							"outputs": [
								{
									"referenceName": "DS_RAW_Sink",
									"type": "DatasetReference",
									"parameters": {
										"FwkItem": {
											"value": "@pipeline().parameters.FwkItem",
											"type": "Expression"
										},
										"pipelineTriggerTime": {
											"value": "@pipeline().parameters.PL_01TriggerTime",
											"type": "Expression"
										},
										"filename": {
											"value": "@pipeline().parameters.FwkItem['SrcObject']",
											"type": "Expression"
										},
										"fileformat": "csv"
									}
								}
							]
						},
						{
							"name": "sp_UpdateWriteWmkDT",
							"type": "SqlServerStoredProcedure",
							"dependsOn": [
								{
									"activity": "CopyDeltaDate",
									"dependencyConditions": [
										"Succeeded"
									]
								}
							],
							"policy": {
								"timeout": "7.00:00:00",
								"retry": 0,
								"retryIntervalInSeconds": 30,
								"secureOutput": false,
								"secureInput": false
							},
							"userProperties": [],
							"typeProperties": {
								"storedProcedureName": "[dbo].[spu_FwkWatermarkDtUpdate]",
								"storedProcedureParameters": {
									"LastModifiedTime": {
										"value": {
											"value": "@convertToUtc(pipeline().parameters.PL_01TriggerTime,'UTC','yyyy-MM-ddTHH:mm:ss')",
											"type": "Expression"
										},
										"type": "String"
									},
									"SrcObjectChild": {
										"value": {
											"value": "@pipeline().parameters.FwkItem['SrcObject']",
											"type": "Expression"
										},
										"type": "String"
									},
									"OldValueWmkDt": {
										"value": {
											"value": "@convertToUtc(activity('LookupMaxValueSrcDate').output.firstRow.OldWatermarkvalueDT,'UTC','yyyy-MM-ddTHH:mm:ss')",
											"type": "Expression"
										},
										"type": "String"
									},
									"FwkConfigId": {
										"value": {
											"value": "@pipeline().parameters.FwkItem['FwkConfigId']",
											"type": "Expression"
										},
										"type": "Int64"
									},
									"SinkPath": {
										"value": {
											"value": "@CONCAT(if(equals(pipeline().parameters.FwkItem['SinkPathGranularity'],'YY'),CONCAT(pipeline().parameters.FwkItem['SourceType'],'/',pipeline().parameters.FwkItem['DatabaseName'],'/',pipeline().parameters.FwkItem['SchemaName'],'/', pipeline().parameters.FwkItem['SrcObject'],'/',formatDateTime(pipeline().parameters.PL_01TriggerTime,'yyyy')),if(equals(pipeline().parameters.FwkItem['SinkPathGranularity'],'MM'),CONCAT(pipeline().parameters.FwkItem['SourceType'],'/',pipeline().parameters.FwkItem['DatabaseName'],'/',pipeline().parameters.FwkItem['SchemaName'],'/', pipeline().parameters.FwkItem['SrcObject'],'/',formatDateTime(pipeline().parameters.PL_01TriggerTime,'yyyy'),'/',formatDateTime(pipeline().parameters.PL_01TriggerTime,'MM')),if(equals(pipeline().parameters.FwkItem['SinkPathGranularity'],'DD'),CONCAT(pipeline().parameters.FwkItem['SourceType'],'/',pipeline().parameters.FwkItem['DatabaseName'],'/',pipeline().parameters.FwkItem['SchemaName'],'/', pipeline().parameters.FwkItem['SrcObject'],'/',formatDateTime(pipeline().parameters.PL_01TriggerTime,'yyyy'),'/',formatDateTime(pipeline().parameters.PL_01TriggerTime,'MM'),'/',formatDateTime(pipeline().parameters.PL_01TriggerTime,'dd')),CONCAT(pipeline().parameters.FwkItem['SourceType'],'/',pipeline().parameters.FwkItem['DatabaseName'],'/',pipeline().parameters.FwkItem['SchemaName'],'/', pipeline().parameters.FwkItem['SrcObject'],'/',formatDateTime(pipeline().parameters.PL_01TriggerTime,'yyyy'),'/',formatDateTime(pipeline().parameters.PL_01TriggerTime,'MM'),'/',formatDateTime(pipeline().parameters.PL_01TriggerTime,'dd'),'/',formatDateTime(pipeline().parameters.PL_01TriggerTime,'HH'))))),  '/', pipeline().parameters.FwkItem['SrcObject'],'_',formatDateTime(pipeline().parameters.PL_01TriggerTime,'yyyy'),formatDateTime(pipeline().parameters.PL_01TriggerTime,'MM'),formatDateTime(pipeline().parameters.PL_01TriggerTime,'dd'),formatDateTime(pipeline().parameters.PL_01TriggerTime,'HH'),formatDateTime(pipeline().parameters.PL_01TriggerTime,'mm'), '.','csv')",
											"type": "Expression"
										},
										"type": "String"
									}
								}
							},
							"linkedServiceName": {
								"referenceName": "LS_sqlconfiguration",
								"type": "LinkedServiceReference"
							}
						},
						{
							"name": "sp_NewRowstoWmkDT",
							"type": "SqlServerStoredProcedure",
							"dependsOn": [],
							"policy": {
								"timeout": "7.00:00:00",
								"retry": 0,
								"retryIntervalInSeconds": 30,
								"secureOutput": false,
								"secureInput": false
							},
							"userProperties": [],
							"typeProperties": {
								"storedProcedureName": "[dbo].[spi_FwkWatermarkInsert]",
								"storedProcedureParameters": {
									"FwkConfigId": {
										"value": {
											"value": "@pipeline().parameters.FwkItem['FwkConfigId']",
											"type": "Expression"
										},
										"type": "Int64"
									},
									"SrcObjectChild": {
										"value": {
											"value": "@pipeline().parameters.FwkItem['SrcObject']",
											"type": "Expression"
										},
										"type": "String"
									},
									"WmkDataType": {
										"value": {
											"value": "@pipeline().parameters.FwkItem['WmkDataType']",
											"type": "Expression"
										},
										"type": "Int32"
									},
									"SrcObject": {
										"value": {
											"value": "@pipeline().parameters.FwkItem['SrcObject']",
											"type": "Expression"
										},
										"type": "String"
									}
								}
							},
							"linkedServiceName": {
								"referenceName": "LS_sqlconfiguration",
								"type": "LinkedServiceReference"
							}
						},
						{
							"name": "LookupWmkConfigDate",
							"type": "Lookup",
							"dependsOn": [
								{
									"activity": "sp_NewRowstoWmkDT",
									"dependencyConditions": [
										"Succeeded"
									]
								}
							],
							"policy": {
								"timeout": "7.00:00:00",
								"retry": 0,
								"retryIntervalInSeconds": 30,
								"secureOutput": false,
								"secureInput": false
							},
							"userProperties": [],
							"typeProperties": {
								"source": {
									"type": "AzureSqlSource",
									"sqlReaderStoredProcedureName": "[dbo].[sps_LookupFwkWatermark]",
									"storedProcedureParameters": {
										"FwkTriggerId": {
											"type": "String",
											"value": {
												"value": "@pipeline().parameters.FwkItem['FwkTriggerId']",
												"type": "Expression"
											}
										},
										"SrcObjectChild": {
											"type": "String",
											"value": {
												"value": "@pipeline().parameters.FwkItem['SrcObject']",
												"type": "Expression"
											}
										}
									},
									"queryTimeout": "02:00:00",
									"partitionOption": "None"
								},
								"dataset": {
									"referenceName": "DS_SQL_Configuration",
									"type": "DatasetReference"
								}
							}
						},
						{
							"name": "sp_InsertIntoFwkTempPrmsDT",
							"description": "Insert the parameters needed for Data Validation into a \"temporary\" table named FwkTempPrms.",
							"type": "SqlServerStoredProcedure",
							"dependsOn": [
								{
									"activity": "CopyDeltaDate",
									"dependencyConditions": [
										"Succeeded"
									]
								}
							],
							"policy": {
								"timeout": "7.00:00:00",
								"retry": 0,
								"retryIntervalInSeconds": 30,
								"secureOutput": false,
								"secureInput": false
							},
							"userProperties": [],
							"typeProperties": {
								"storedProcedureName": "spi_FwkIngtOutputInsert",
								"storedProcedureParameters": {
									"EntRunId": {
										"value": {
											"value": "@pipeline().parameters.EntRunId",
											"type": "Expression"
										},
										"type": "String"
									},
									"FwkLogId": {
										"value": {
											"value": "@pipeline().parameters.FwkLogId",
											"type": "Expression"
										},
										"type": "Int64"
									},
									"FwkConfigId": {
										"value": {
											"value": "@pipeline().parameters.FwkItem['FwkConfigId']",
											"type": "Expression"
										},
										"type": "Int64"
									},
									"SrcObjectChild": {
										"value": {
											"value": "@pipeline().parameters.FwkItem['SrcObject']",
											"type": "Expression"
										},
										"type": "String"
									},
									"SinkPath": {
										"value": {
											"value": "@CONCAT(if(equals(pipeline().parameters.FwkItem['SinkPathGranularity'],'YY'),CONCAT(pipeline().parameters.FwkItem['SourceType'],'/',pipeline().parameters.FwkItem['DatabaseName'],'/',pipeline().parameters.FwkItem['SchemaName'],'/', pipeline().parameters.FwkItem['SrcObject'],'/',formatDateTime(pipeline().parameters.PL_01TriggerTime,'yyyy')),if(equals(pipeline().parameters.FwkItem['SinkPathGranularity'],'MM'),CONCAT(pipeline().parameters.FwkItem['SourceType'],'/',pipeline().parameters.FwkItem['DatabaseName'],'/',pipeline().parameters.FwkItem['SchemaName'],'/', pipeline().parameters.FwkItem['SrcObject'],'/',formatDateTime(pipeline().parameters.PL_01TriggerTime,'yyyy'),'/',formatDateTime(pipeline().parameters.PL_01TriggerTime,'MM')),if(equals(pipeline().parameters.FwkItem['SinkPathGranularity'],'DD'),CONCAT(pipeline().parameters.FwkItem['SourceType'],'/',pipeline().parameters.FwkItem['DatabaseName'],'/',pipeline().parameters.FwkItem['SchemaName'],'/', pipeline().parameters.FwkItem['SrcObject'],'/',formatDateTime(pipeline().parameters.PL_01TriggerTime,'yyyy'),'/',formatDateTime(pipeline().parameters.PL_01TriggerTime,'MM'),'/',formatDateTime(pipeline().parameters.PL_01TriggerTime,'dd')),CONCAT(pipeline().parameters.FwkItem['SourceType'],'/',pipeline().parameters.FwkItem['DatabaseName'],'/',pipeline().parameters.FwkItem['SchemaName'],'/', pipeline().parameters.FwkItem['SrcObject'],'/',formatDateTime(pipeline().parameters.PL_01TriggerTime,'yyyy'),'/',formatDateTime(pipeline().parameters.PL_01TriggerTime,'MM'),'/',formatDateTime(pipeline().parameters.PL_01TriggerTime,'dd'),'/',formatDateTime(pipeline().parameters.PL_01TriggerTime,'HH'))))),  '/', pipeline().parameters.FwkItem['SrcObject'],'_',formatDateTime(pipeline().parameters.PL_01TriggerTime,'yyyy'),formatDateTime(pipeline().parameters.PL_01TriggerTime,'MM'),formatDateTime(pipeline().parameters.PL_01TriggerTime,'dd'),formatDateTime(pipeline().parameters.PL_01TriggerTime,'HH'),formatDateTime(pipeline().parameters.PL_01TriggerTime,'mm'), '.','csv')",
											"type": "Expression"
										},
										"type": "String"
									},
									"RowsRead": {
										"value": {
											"value": "@if(contains(activity('CopyDeltaDate').output, 'rowsRead'), activity('CopyDeltaDate').output.rowsRead, coalesce(null,null,null))",
											"type": "Expression"
										},
										"type": "Int64"
									},
									"RowsCopied": {
										"value": {
											"value": "@if(contains(activity('CopyDeltaDate').output, 'rowsCopied'), activity('CopyDeltaDate').output.rowsCopied, coalesce(null,null,null))",
											"type": "Expression"
										},
										"type": "Int64"
									},
									"FileFormat": {
										"value": "csv",
										"type": "String"
									}
								}
							},
							"linkedServiceName": {
								"referenceName": "LS_sqlconfiguration",
								"type": "LinkedServiceReference"
							}
						}
					],
					"ifTrueActivities": [
						{
							"name": "LookupOldWmkConfig",
							"type": "Lookup",
							"dependsOn": [
								{
									"activity": "sp_NewRowstoWmkInt",
									"dependencyConditions": [
										"Succeeded"
									]
								}
							],
							"policy": {
								"timeout": "7.00:00:00",
								"retry": 0,
								"retryIntervalInSeconds": 30,
								"secureOutput": false,
								"secureInput": false
							},
							"userProperties": [],
							"typeProperties": {
								"source": {
									"type": "AzureSqlSource",
									"sqlReaderStoredProcedureName": "[dbo].[sps_LookupFwkWatermark]",
									"storedProcedureParameters": {
										"FwkTriggerId": {
											"type": "String",
											"value": {
												"value": "@pipeline().parameters.FwkItem['FwkTriggerId']",
												"type": "Expression"
											}
										},
										"SrcObjectChild": {
											"type": "String",
											"value": {
												"value": "@pipeline().parameters.FwkItem['SrcObject']",
												"type": "Expression"
											}
										}
									},
									"queryTimeout": "02:00:00",
									"partitionOption": "None"
								},
								"dataset": {
									"referenceName": "DS_SQL_Configuration",
									"type": "DatasetReference"
								},
								"firstRowOnly": true
							}
						},
						{
							"name": "LookupNewWmkSrc",
							"type": "Lookup",
							"dependsOn": [
								{
									"activity": "sp_NewRowstoWmkInt",
									"dependencyConditions": [
										"Succeeded"
									]
								}
							],
							"policy": {
								"timeout": "7.00:00:00",
								"retry": 0,
								"retryIntervalInSeconds": 30,
								"secureOutput": false,
								"secureInput": false
							},
							"userProperties": [],
							"typeProperties": {
								"source": {
									"type": "AzureSqlSource",
									"sqlReaderQuery": {
										"value": "SELECT MAX(@{pipeline().parameters.FwkItem['WmkColumnName']}) as NewWatermarkValue from [@{pipeline().parameters.FwkItem['SchemaName']}].[@{pipeline().parameters.FwkItem['SrcObject']}]",
										"type": "Expression"
									},
									"queryTimeout": "02:00:00",
									"partitionOption": "None"
								},
								"dataset": {
									"referenceName": "DS_SQL_Source",
									"type": "DatasetReference",
									"parameters": {
										"FwkItem": {
											"value": "@pipeline().parameters.FwkItem",
											"type": "Expression"
										}
									}
								},
								"firstRowOnly": true
							}
						},
						{
							"name": "CopyDeltaInt",
							"type": "Copy",
							"dependsOn": [
								{
									"activity": "LookupOldWmkConfig",
									"dependencyConditions": [
										"Succeeded"
									]
								},
								{
									"activity": "LookupNewWmkSrc",
									"dependencyConditions": [
										"Succeeded"
									]
								}
							],
							"policy": {
								"timeout": "7.00:00:00",
								"retry": 0,
								"retryIntervalInSeconds": 30,
								"secureOutput": false,
								"secureInput": false
							},
							"userProperties": [],
							"typeProperties": {
								"source": {
									"type": "AzureSqlSource",
									"sqlReaderQuery": {
										"value": "SELECT * FROM [@{pipeline().parameters.FwkItem['SchemaName']}].[@{pipeline().parameters.FwkItem['SrcObject']}]\nWHERE @{pipeline().parameters.FwkItem['WmkColumnName']} > isnull('@{activity('LookupOldWmkConfig').output.firstRow.NewValueWatermark}' ,0)",
										"type": "Expression"
									},
									"queryTimeout": "02:00:00",
									"partitionOption": "None"
								},
								"sink": {
									"type": "DelimitedTextSink",
									"storeSettings": {
										"type": "AzureBlobStorageWriteSettings"
									},
									"formatSettings": {
										"type": "DelimitedTextWriteSettings",
										"quoteAllText": true,
										"fileExtension": ".csv"
									}
								},
								"enableStaging": false,
								"validateDataConsistency": false
							},
							"inputs": [
								{
									"referenceName": "DS_SQL_Source",
									"type": "DatasetReference",
									"parameters": {
										"FwkItem": {
											"value": "@pipeline().parameters.FwkItem",
											"type": "Expression"
										}
									}
								}
							],
							"outputs": [
								{
									"referenceName": "DS_RAW_Sink",
									"type": "DatasetReference",
									"parameters": {
										"FwkItem": {
											"value": "@pipeline().parameters.FwkItem",
											"type": "Expression"
										},
										"pipelineTriggerTime": {
											"value": "@pipeline().parameters.PL_01TriggerTime",
											"type": "Expression"
										},
										"filename": {
											"value": "@pipeline().parameters.FwkItem['SrcObject']",
											"type": "Expression"
										},
										"fileformat": "csv"
									}
								}
							]
						},
						{
							"name": "sp_UpdateWmkInt",
							"type": "SqlServerStoredProcedure",
							"dependsOn": [
								{
									"activity": "CopyDeltaInt",
									"dependencyConditions": [
										"Succeeded"
									]
								}
							],
							"policy": {
								"timeout": "7.00:00:00",
								"retry": 0,
								"retryIntervalInSeconds": 30,
								"secureOutput": false,
								"secureInput": false
							},
							"userProperties": [],
							"typeProperties": {
								"storedProcedureName": "[dbo].[spu_FwkWatermarkIntUpdate]",
								"storedProcedureParameters": {
									"NewValueWmkInt": {
										"value": {
											"value": "@activity('LookupNewWmkSrc').output.firstRow.NewWatermarkValue",
											"type": "Expression"
										},
										"type": "Int64"
									},
									"SrcObjectChild": {
										"value": {
											"value": "@pipeline().parameters.FwkItem['SrcObject']",
											"type": "Expression"
										},
										"type": "String"
									},
									"FwkConfigId": {
										"value": {
											"value": "@pipeline().parameters.FwkItem['FwkConfigId']",
											"type": "Expression"
										},
										"type": "Int64"
									},
									"SinkPath": {
										"value": {
											"value": "@CONCAT(if(equals(pipeline().parameters.FwkItem['SinkPathGranularity'],'YY'),CONCAT(pipeline().parameters.FwkItem['SourceType'],'/',pipeline().parameters.FwkItem['DatabaseName'],'/',pipeline().parameters.FwkItem['SchemaName'],'/', pipeline().parameters.FwkItem['SrcObject'],'/',formatDateTime(pipeline().parameters.PL_01TriggerTime,'yyyy')),if(equals(pipeline().parameters.FwkItem['SinkPathGranularity'],'MM'),CONCAT(pipeline().parameters.FwkItem['SourceType'],'/',pipeline().parameters.FwkItem['DatabaseName'],'/',pipeline().parameters.FwkItem['SchemaName'],'/', pipeline().parameters.FwkItem['SrcObject'],'/',formatDateTime(pipeline().parameters.PL_01TriggerTime,'yyyy'),'/',formatDateTime(pipeline().parameters.PL_01TriggerTime,'MM')),if(equals(pipeline().parameters.FwkItem['SinkPathGranularity'],'DD'),CONCAT(pipeline().parameters.FwkItem['SourceType'],'/',pipeline().parameters.FwkItem['DatabaseName'],'/',pipeline().parameters.FwkItem['SchemaName'],'/', pipeline().parameters.FwkItem['SrcObject'],'/',formatDateTime(pipeline().parameters.PL_01TriggerTime,'yyyy'),'/',formatDateTime(pipeline().parameters.PL_01TriggerTime,'MM'),'/',formatDateTime(pipeline().parameters.PL_01TriggerTime,'dd')),CONCAT(pipeline().parameters.FwkItem['SourceType'],'/',pipeline().parameters.FwkItem['DatabaseName'],'/',pipeline().parameters.FwkItem['SchemaName'],'/', pipeline().parameters.FwkItem['SrcObject'],'/',formatDateTime(pipeline().parameters.PL_01TriggerTime,'yyyy'),'/',formatDateTime(pipeline().parameters.PL_01TriggerTime,'MM'),'/',formatDateTime(pipeline().parameters.PL_01TriggerTime,'dd'),'/',formatDateTime(pipeline().parameters.PL_01TriggerTime,'HH'))))),  '/', pipeline().parameters.FwkItem['SrcObject'],'_',formatDateTime(pipeline().parameters.PL_01TriggerTime,'yyyy'),formatDateTime(pipeline().parameters.PL_01TriggerTime,'MM'),formatDateTime(pipeline().parameters.PL_01TriggerTime,'dd'),formatDateTime(pipeline().parameters.PL_01TriggerTime,'HH'),formatDateTime(pipeline().parameters.PL_01TriggerTime,'mm'), '.','csv')",
											"type": "Expression"
										},
										"type": "String"
									}
								}
							},
							"linkedServiceName": {
								"referenceName": "LS_sqlconfiguration",
								"type": "LinkedServiceReference"
							}
						},
						{
							"name": "sp_NewRowstoWmkInt",
							"type": "SqlServerStoredProcedure",
							"dependsOn": [],
							"policy": {
								"timeout": "7.00:00:00",
								"retry": 0,
								"retryIntervalInSeconds": 30,
								"secureOutput": false,
								"secureInput": false
							},
							"userProperties": [],
							"typeProperties": {
								"storedProcedureName": "[dbo].[spi_FwkWatermarkInsert]",
								"storedProcedureParameters": {
									"FwkConfigId": {
										"value": {
											"value": "@pipeline().parameters.FwkItem['FwkConfigId']",
											"type": "Expression"
										},
										"type": "Int64"
									},
									"SrcObjectChild": {
										"value": {
											"value": "@pipeline().parameters.FwkItem['SrcObject']",
											"type": "Expression"
										},
										"type": "String"
									},
									"WmkDataType": {
										"value": {
											"value": "@pipeline().parameters.FwkItem['WmkDataType']",
											"type": "Expression"
										},
										"type": "Int32"
									},
									"SrcObject": {
										"value": {
											"value": "@pipeline().parameters.FwkItem['SrcObject']",
											"type": "Expression"
										},
										"type": "String"
									}
								}
							},
							"linkedServiceName": {
								"referenceName": "LS_sqlconfiguration",
								"type": "LinkedServiceReference"
							}
						},
						{
							"name": "sp_InsertIntoFwkTempPrms",
							"description": "Insert the parameters needed for Data Validation into a \"temporary\" table named FwkTempPrms.",
							"type": "SqlServerStoredProcedure",
							"dependsOn": [
								{
									"activity": "CopyDeltaInt",
									"dependencyConditions": [
										"Succeeded"
									]
								}
							],
							"policy": {
								"timeout": "7.00:00:00",
								"retry": 0,
								"retryIntervalInSeconds": 30,
								"secureOutput": false,
								"secureInput": false
							},
							"userProperties": [],
							"typeProperties": {
								"storedProcedureName": "[dbo].[spi_FwkIngtOutputInsert]",
								"storedProcedureParameters": {
									"EntRunId": {
										"value": {
											"value": "@pipeline().parameters.EntRunId",
											"type": "Expression"
										},
										"type": "String"
									},
									"FwkLogId": {
										"value": {
											"value": "@pipeline().parameters.FwkLogId",
											"type": "Expression"
										},
										"type": "Int64"
									},
									"FwkConfigId": {
										"value": {
											"value": "@pipeline().parameters.FwkItem['FwkConfigId']",
											"type": "Expression"
										},
										"type": "Int64"
									},
									"SrcObjectChild": {
										"value": {
											"value": "@pipeline().parameters.FwkItem['SrcObject']",
											"type": "Expression"
										},
										"type": "String"
									},
									"SinkPath": {
										"value": {
											"value": "@CONCAT(if(equals(pipeline().parameters.FwkItem['SinkPathGranularity'],'YY'),CONCAT(pipeline().parameters.FwkItem['SourceType'],'/',pipeline().parameters.FwkItem['DatabaseName'],'/',pipeline().parameters.FwkItem['SchemaName'],'/', pipeline().parameters.FwkItem['SrcObject'],'/',formatDateTime(pipeline().parameters.PL_01TriggerTime,'yyyy')),if(equals(pipeline().parameters.FwkItem['SinkPathGranularity'],'MM'),CONCAT(pipeline().parameters.FwkItem['SourceType'],'/',pipeline().parameters.FwkItem['DatabaseName'],'/',pipeline().parameters.FwkItem['SchemaName'],'/', pipeline().parameters.FwkItem['SrcObject'],'/',formatDateTime(pipeline().parameters.PL_01TriggerTime,'yyyy'),'/',formatDateTime(pipeline().parameters.PL_01TriggerTime,'MM')),if(equals(pipeline().parameters.FwkItem['SinkPathGranularity'],'DD'),CONCAT(pipeline().parameters.FwkItem['SourceType'],'/',pipeline().parameters.FwkItem['DatabaseName'],'/',pipeline().parameters.FwkItem['SchemaName'],'/', pipeline().parameters.FwkItem['SrcObject'],'/',formatDateTime(pipeline().parameters.PL_01TriggerTime,'yyyy'),'/',formatDateTime(pipeline().parameters.PL_01TriggerTime,'MM'),'/',formatDateTime(pipeline().parameters.PL_01TriggerTime,'dd')),CONCAT(pipeline().parameters.FwkItem['SourceType'],'/',pipeline().parameters.FwkItem['DatabaseName'],'/',pipeline().parameters.FwkItem['SchemaName'],'/', pipeline().parameters.FwkItem['SrcObject'],'/',formatDateTime(pipeline().parameters.PL_01TriggerTime,'yyyy'),'/',formatDateTime(pipeline().parameters.PL_01TriggerTime,'MM'),'/',formatDateTime(pipeline().parameters.PL_01TriggerTime,'dd'),'/',formatDateTime(pipeline().parameters.PL_01TriggerTime,'HH'))))),  '/', pipeline().parameters.FwkItem['SrcObject'],'_',formatDateTime(pipeline().parameters.PL_01TriggerTime,'yyyy'),formatDateTime(pipeline().parameters.PL_01TriggerTime,'MM'),formatDateTime(pipeline().parameters.PL_01TriggerTime,'dd'),formatDateTime(pipeline().parameters.PL_01TriggerTime,'HH'),formatDateTime(pipeline().parameters.PL_01TriggerTime,'mm'), '.','csv')",
											"type": "Expression"
										},
										"type": "String"
									},
									"RowsRead": {
										"value": {
											"value": "@if(contains(activity('CopyDeltaInt').output, 'rowsRead'), activity('CopyDeltaInt').output.rowsRead, coalesce(null,null,null))\n\n",
											"type": "Expression"
										},
										"type": "Int64"
									},
									"RowsCopied": {
										"value": {
											"value": "@if(contains(activity('CopyDeltaInt').output, 'rowsCopied'), activity('CopyDeltaInt').output.rowsCopied, coalesce(null,null,null))",
											"type": "Expression"
										},
										"type": "Int64"
									},
									"FileFormat": {
										"value": {
											"value": "csv",
											"type": "Expression"
										},
										"type": "String"
									}
								}
							},
							"linkedServiceName": {
								"referenceName": "LS_sqlconfiguration",
								"type": "LinkedServiceReference"
							}
						}
					]
				}
			}
		],
		"parameters": {
			"FwkItem": {
				"type": "array"
			},
			"PL_01TriggerTime": {
				"type": "string"
			},
			"FwkLogId": {
				"type": "string"
			},
			"EntRunId": {
				"type": "string"
			}
		},
		"folder": {
			"name": "01 Ingestion Module"
		},
		"annotations": [],
		"lastPublishTime": "2022-08-24T05:25:23Z"
	},
	"type": "Microsoft.DataFactory/factories/pipelines"
}