{
	"name": "PL_02_ASQLFullLoad",
	"properties": {
		"activities": [
			{
				"name": "IfConditionTypeload",
				"type": "IfCondition",
				"dependsOn": [],
				"userProperties": [],
				"typeProperties": {
					"expression": {
						"value": "@equals(pipeline().parameters.FwkItem['TypeLoad'], 1)",
						"type": "Expression"
					},
					"ifFalseActivities": [
						{
							"name": "Execute PL_03_SQLDeltaLoad",
							"type": "ExecutePipeline",
							"dependsOn": [],
							"userProperties": [],
							"typeProperties": {
								"pipeline": {
									"referenceName": "PL_03_ASQLDeltaLoad",
									"type": "PipelineReference"
								},
								"waitOnCompletion": true,
								"parameters": {
									"FwkItem": {
										"value": "@pipeline().parameters.FwkItem",
										"type": "Expression"
									},
									"PL_01TriggerTime": {
										"value": "@pipeline().parameters.PL_01TriggerTime",
										"type": "Expression"
									},
									"FwkLogId": {
										"value": "@pipeline().parameters.FwkLogId",
										"type": "Expression"
									},
									"EntRunId": {
										"value": "@pipeline().parameters.EntRunId",
										"type": "Expression"
									}
								}
							}
						}
					],
					"ifTrueActivities": [
						{
							"name": "CopyActivityFull",
							"type": "Copy",
							"dependsOn": [
								{
									"activity": "LookupWmkLastUpdateConfig",
									"dependencyConditions": [
										"Succeeded"
									]
								}
							],
							"policy": {
								"timeout": "7.00:00:00",
								"retry": 0,
								"retryIntervalInSeconds": 30,
								"secureOutput": false,
								"secureInput": false
							},
							"userProperties": [],
							"typeProperties": {
								"source": {
									"type": "AzureSqlSource",
									"queryTimeout": "02:00:00",
									"partitionOption": "None"
								},
								"sink": {
									"type": "DelimitedTextSink",
									"storeSettings": {
										"type": "AzureBlobStorageWriteSettings"
									},
									"formatSettings": {
										"type": "DelimitedTextWriteSettings",
										"quoteAllText": true,
										"fileExtension": ".txt"
									}
								},
								"enableStaging": false,
								"validateDataConsistency": false
							},
							"inputs": [
								{
									"referenceName": "DS_SQL_Source",
									"type": "DatasetReference",
									"parameters": {
										"FwkItem": {
											"value": "@pipeline().parameters.FwkItem",
											"type": "Expression"
										}
									}
								}
							],
							"outputs": [
								{
									"referenceName": "DS_RAW_Sink",
									"type": "DatasetReference",
									"parameters": {
										"FwkItem": {
											"value": "@pipeline().parameters.FwkItem",
											"type": "Expression"
										},
										"pipelineTriggerTime": {
											"value": "@pipeline().parameters.PL_01TriggerTime",
											"type": "Expression"
										},
										"filename": {
											"value": "@pipeline().parameters.FwkItem['SrcObject']",
											"type": "Expression"
										},
										"fileformat": "csv"
									}
								}
							]
						},
						{
							"name": "sp_InsertIntoFwkTempData",
							"description": "Insert the parameters needed for Data Validation into a \"temporary\" table named FwkTempPrms.",
							"type": "SqlServerStoredProcedure",
							"dependsOn": [
								{
									"activity": "CopyActivityFull",
									"dependencyConditions": [
										"Succeeded"
									]
								}
							],
							"policy": {
								"timeout": "7.00:00:00",
								"retry": 0,
								"retryIntervalInSeconds": 30,
								"secureOutput": false,
								"secureInput": false
							},
							"userProperties": [],
							"typeProperties": {
								"storedProcedureName": "[dbo].[spi_FwkIngtOutputInsert]",
								"storedProcedureParameters": {
									"EntRunId": {
										"value": {
											"value": "@pipeline().parameters.EntRunId",
											"type": "Expression"
										},
										"type": "String"
									},
									"FwkLogId": {
										"value": {
											"value": "@pipeline().parameters.FwkLogId",
											"type": "Expression"
										},
										"type": "Int64"
									},
									"FwkConfigId": {
										"value": {
											"value": "@pipeline().parameters.FwkItem['FwkConfigId']",
											"type": "Expression"
										},
										"type": "Int64"
									},
									"SrcObjectChild": {
										"value": {
											"value": "@pipeline().parameters.FwkItem['SrcObject']",
											"type": "Expression"
										},
										"type": "String"
									},
									"SinkPath": {
										"value": {
											"value": "@CONCAT(if(equals(pipeline().parameters.FwkItem['SinkPathGranularity'],'YY'),CONCAT(pipeline().parameters.FwkItem['SourceType'],'/',pipeline().parameters.FwkItem['DatabaseName'],'/',pipeline().parameters.FwkItem['SchemaName'],'/', pipeline().parameters.FwkItem['SrcObject'],'/',formatDateTime(pipeline().parameters.PL_01TriggerTime,'yyyy')),if(equals(pipeline().parameters.FwkItem['SinkPathGranularity'],'MM'),CONCAT(pipeline().parameters.FwkItem['SourceType'],'/',pipeline().parameters.FwkItem['DatabaseName'],'/',pipeline().parameters.FwkItem['SchemaName'],'/', pipeline().parameters.FwkItem['SrcObject'],'/',formatDateTime(pipeline().parameters.PL_01TriggerTime,'yyyy'),'/',formatDateTime(pipeline().parameters.PL_01TriggerTime,'MM')),if(equals(pipeline().parameters.FwkItem['SinkPathGranularity'],'DD'),CONCAT(pipeline().parameters.FwkItem['SourceType'],'/',pipeline().parameters.FwkItem['DatabaseName'],'/',pipeline().parameters.FwkItem['SchemaName'],'/', pipeline().parameters.FwkItem['SrcObject'],'/',formatDateTime(pipeline().parameters.PL_01TriggerTime,'yyyy'),'/',formatDateTime(pipeline().parameters.PL_01TriggerTime,'MM'),'/',formatDateTime(pipeline().parameters.PL_01TriggerTime,'dd')),CONCAT(pipeline().parameters.FwkItem['SourceType'],'/',pipeline().parameters.FwkItem['DatabaseName'],'/',pipeline().parameters.FwkItem['SchemaName'],'/', pipeline().parameters.FwkItem['SrcObject'],'/',formatDateTime(pipeline().parameters.PL_01TriggerTime,'yyyy'),'/',formatDateTime(pipeline().parameters.PL_01TriggerTime,'MM'),'/',formatDateTime(pipeline().parameters.PL_01TriggerTime,'dd'),'/',formatDateTime(pipeline().parameters.PL_01TriggerTime,'HH'))))),  '/', pipeline().parameters.FwkItem['SrcObject'],'_',formatDateTime(pipeline().parameters.PL_01TriggerTime,'yyyy'),formatDateTime(pipeline().parameters.PL_01TriggerTime,'MM'),formatDateTime(pipeline().parameters.PL_01TriggerTime,'dd'),formatDateTime(pipeline().parameters.PL_01TriggerTime,'HH'),formatDateTime(pipeline().parameters.PL_01TriggerTime,'mm'), '.','csv')",
											"type": "Expression"
										},
										"type": "String"
									},
									"RowsRead": {
										"value": {
											"value": "@if(contains(activity('CopyActivityFull').output, 'dataRead'), activity('CopyActivityFull').output.dataRead, coalesce(null,null,null))\n\n",
											"type": "Expression"
										},
										"type": "Int64"
									},
									"RowsCopied": {
										"value": {
											"value": "@if(contains(activity('CopyActivityFull').output, 'dataWritten'), activity('CopyActivityFull').output.dataWritten, coalesce(null,null,null))",
											"type": "Expression"
										},
										"type": "Int64"
									},
									"FileFormat": {
										"value": {
											"value": "csv",
											"type": "Expression"
										},
										"type": "String"
									}
								}
							},
							"linkedServiceName": {
								"referenceName": "LS_sqlconfiguration",
								"type": "LinkedServiceReference"
							}
						},
						{
							"name": "sp_NewRowstoWmk",
							"type": "SqlServerStoredProcedure",
							"dependsOn": [],
							"policy": {
								"timeout": "7.00:00:00",
								"retry": 0,
								"retryIntervalInSeconds": 30,
								"secureOutput": false,
								"secureInput": false
							},
							"userProperties": [],
							"typeProperties": {
								"storedProcedureName": "[dbo].[spi_FwkWatermarkInsert]",
								"storedProcedureParameters": {
									"FwkConfigId": {
										"value": {
											"value": "@pipeline().parameters.FwkItem['FwkConfigId']",
											"type": "Expression"
										},
										"type": "Int64"
									},
									"SrcObjectChild": {
										"value": {
											"value": "@pipeline().parameters.FwkItem['SrcObject']",
											"type": "Expression"
										},
										"type": "String"
									},
									"WmkDataType": {
										"value": {
											"value": "@pipeline().parameters.FwkItem['WmkDataType']",
											"type": "Expression"
										},
										"type": "Int32"
									},
									"SrcObject": {
										"value": {
											"value": "@pipeline().parameters.FwkItem['SrcObject']",
											"type": "Expression"
										},
										"type": "String"
									}
								}
							},
							"linkedServiceName": {
								"referenceName": "LS_sqlconfiguration",
								"type": "LinkedServiceReference"
							}
						},
						{
							"name": "LookupWmkLastUpdateConfig",
							"type": "Lookup",
							"dependsOn": [
								{
									"activity": "sp_NewRowstoWmk",
									"dependencyConditions": [
										"Succeeded"
									]
								}
							],
							"policy": {
								"timeout": "7.00:00:00",
								"retry": 0,
								"retryIntervalInSeconds": 30,
								"secureOutput": false,
								"secureInput": false
							},
							"userProperties": [],
							"typeProperties": {
								"source": {
									"type": "AzureSqlSource",
									"sqlReaderStoredProcedureName": "[dbo].[sps_LookupFwkWatermark]",
									"storedProcedureParameters": {
										"FwkTriggerId": {
											"type": "String",
											"value": {
												"value": "@pipeline().parameters.FwkItem['FwkTriggerId']",
												"type": "Expression"
											}
										},
										"SrcObjectChild": {
											"type": "String",
											"value": {
												"value": "@pipeline().parameters.FwkItem['SrcObject']",
												"type": "Expression"
											}
										}
									},
									"queryTimeout": "02:00:00",
									"partitionOption": "None"
								},
								"dataset": {
									"referenceName": "DS_SQL_Configuration",
									"type": "DatasetReference"
								}
							}
						}
					]
				}
			}
		],
		"parameters": {
			"FwkItem": {
				"type": "array"
			},
			"PL_01TriggerTime": {
				"type": "string"
			},
			"FwkLogId": {
				"type": "string"
			},
			"EntRunId": {
				"type": "string"
			}
		},
		"folder": {
			"name": "01 Ingestion Module"
		},
		"annotations": [],
		"lastPublishTime": "2022-08-24T04:55:03Z"
	},
	"type": "Microsoft.DataFactory/factories/pipelines"
}