{
	"name": "PL_06_ADLS",
	"properties": {
		"activities": [
			{
				"name": "ForEachChildItem",
				"type": "ForEach",
				"dependsOn": [
					{
						"activity": "FilterChildItems",
						"dependencyConditions": [
							"Succeeded"
						]
					}
				],
				"userProperties": [],
				"typeProperties": {
					"items": {
						"value": "@array(activity('FilterChildItems').output.Value)",
						"type": "Expression"
					},
					"isSequential": false,
					"activities": [
						{
							"name": "sp_NewRowstoWmk",
							"type": "SqlServerStoredProcedure",
							"dependsOn": [],
							"policy": {
								"timeout": "7.00:00:00",
								"retry": 0,
								"retryIntervalInSeconds": 30,
								"secureOutput": false,
								"secureInput": false
							},
							"userProperties": [],
							"typeProperties": {
								"storedProcedureName": "[dbo].[spi_FwkWatermarkInsert]",
								"storedProcedureParameters": {
									"FwkConfigId": {
										"value": {
											"value": "@pipeline().parameters.FwkItem['FwkConfigId']",
											"type": "Expression"
										},
										"type": "Int64"
									},
									"SrcObjectChild": {
										"value": {
											"value": "@item().name",
											"type": "Expression"
										},
										"type": "String"
									},
									"WmkDataType": {
										"value": {
											"value": "@pipeline().parameters.FwkItem['WmkDataType']",
											"type": "Expression"
										},
										"type": "Int32"
									},
									"SrcObject": {
										"value": {
											"value": "@pipeline().parameters.FwkItem['SrcObject']",
											"type": "Expression"
										},
										"type": "String"
									}
								}
							},
							"linkedServiceName": {
								"referenceName": "LS_sqlconfiguration",
								"type": "LinkedServiceReference"
							}
						},
						{
							"name": "LookupWmkLastUpdateConfig",
							"type": "Lookup",
							"dependsOn": [
								{
									"activity": "sp_NewRowstoWmk",
									"dependencyConditions": [
										"Succeeded"
									]
								}
							],
							"policy": {
								"timeout": "7.00:00:00",
								"retry": 0,
								"retryIntervalInSeconds": 30,
								"secureOutput": false,
								"secureInput": false
							},
							"userProperties": [],
							"typeProperties": {
								"source": {
									"type": "AzureSqlSource",
									"sqlReaderStoredProcedureName": "[dbo].[sps_LookupFwkWatermark]",
									"storedProcedureParameters": {
										"SrcObjectChild": {
											"type": "String",
											"value": {
												"value": "@item().name",
												"type": "Expression"
											}
										},
										"FwkTriggerId": {
											"type": "String",
											"value": {
												"value": "@pipeline().parameters.FwkItem['FwkTriggerId']",
												"type": "Expression"
											}
										}
									},
									"queryTimeout": "02:00:00",
									"partitionOption": "None"
								},
								"dataset": {
									"referenceName": "DS_SQL_Configuration",
									"type": "DatasetReference"
								}
							}
						},
						{
							"name": "LookupLastUpdateSrc",
							"type": "GetMetadata",
							"dependsOn": [
								{
									"activity": "sp_NewRowstoWmk",
									"dependencyConditions": [
										"Succeeded"
									]
								}
							],
							"policy": {
								"timeout": "7.00:00:00",
								"retry": 0,
								"retryIntervalInSeconds": 30,
								"secureOutput": false,
								"secureInput": false
							},
							"userProperties": [],
							"typeProperties": {
								"dataset": {
									"referenceName": "DS_ADLS_Source",
									"type": "DatasetReference",
									"parameters": {
										"FwkItem": {
											"value": "@pipeline().parameters.FwkItem",
											"type": "Expression"
										},
										"flag": 1,
										"childitem": {
											"value": "@item()",
											"type": "Expression"
										}
									}
								},
								"fieldList": [
									"lastModified"
								],
								"storeSettings": {
									"type": "AzureBlobFSReadSettings",
									"recursive": true
								},
								"formatSettings": {
									"type": "DelimitedTextReadSettings"
								}
							}
						},
						{
							"name": "IfDateModified",
							"type": "IfCondition",
							"dependsOn": [
								{
									"activity": "LookupWmkLastUpdateConfig",
									"dependencyConditions": [
										"Succeeded"
									]
								},
								{
									"activity": "LookupLastUpdateSrc",
									"dependencyConditions": [
										"Succeeded"
									]
								}
							],
							"userProperties": [],
							"typeProperties": {
								"expression": {
									"value": "@if(contains(activity('LookupWmkLastUpdateConfig').output,'firstRow'),greater(activity('LookupLastUpdateSrc').output.lastModified, activity('LookupWmkLastUpdateConfig').output.firstRow.NewValueWatermark),false)",
									"type": "Expression"
								},
								"ifTrueActivities": [
									{
										"name": "ADLStoBlob",
										"type": "Copy",
										"dependsOn": [],
										"policy": {
											"timeout": "7.00:00:00",
											"retry": 0,
											"retryIntervalInSeconds": 30,
											"secureOutput": false,
											"secureInput": false
										},
										"userProperties": [],
										"typeProperties": {
											"source": {
												"type": "DelimitedTextSource",
												"storeSettings": {
													"type": "AzureBlobFSReadSettings",
													"recursive": true,
													"wildcardFileName": {
														"value": "@string(item().name)",
														"type": "Expression"
													}
												},
												"formatSettings": {
													"type": "DelimitedTextReadSettings"
												}
											},
											"sink": {
												"type": "DelimitedTextSink",
												"storeSettings": {
													"type": "AzureBlobFSWriteSettings"
												},
												"formatSettings": {
													"type": "DelimitedTextWriteSettings",
													"quoteAllText": true,
													"fileExtension": ".txt"
												}
											},
											"enableStaging": false,
											"translator": {
												"type": "TabularTranslator",
												"typeConversion": true,
												"typeConversionSettings": {
													"allowDataTruncation": true,
													"treatBooleanAsNumber": false
												}
											}
										},
										"inputs": [
											{
												"referenceName": "DS_ADLS_Source",
												"type": "DatasetReference",
												"parameters": {
													"FwkItem": {
														"value": "@pipeline().parameters.FwkItem",
														"type": "Expression"
													},
													"flag": 2,
													"childitem": {
														"value": "@item()",
														"type": "Expression"
													}
												}
											}
										],
										"outputs": [
											{
												"referenceName": "DS_ADLS_IDF_sink",
												"type": "DatasetReference",
												"parameters": {
													"FwkItem": {
														"value": "@pipeline().parameters.FwkItem",
														"type": "Expression"
													},
													"pipelineTriggerTime": {
														"value": "@pipeline().parameters.PL_01TriggerTime",
														"type": "Expression"
													},
													"filename": {
														"value": "@if(contains(pipeline().parameters.FwkItem['SrcObject'],'.'),split(string(pipeline().parameters.FwkItem['SrcObject']),'.')[0],split(string(item().name),'.')[0])",
														"type": "Expression"
													},
													"fileformat": {
														"value": "@if(contains(pipeline().parameters.FwkItem['SrcObject'],'.'),split(string(pipeline().parameters.FwkItem['SrcObject']),'.')[1],split(string(item().name),'.')[1])",
														"type": "Expression"
													}
												}
											}
										]
									},
									{
										"name": "sp_UpdateWatermark",
										"type": "SqlServerStoredProcedure",
										"dependsOn": [
											{
												"activity": "ADLStoBlob",
												"dependencyConditions": [
													"Succeeded"
												]
											}
										],
										"policy": {
											"timeout": "7.00:00:00",
											"retry": 0,
											"retryIntervalInSeconds": 30,
											"secureOutput": false,
											"secureInput": false
										},
										"userProperties": [],
										"typeProperties": {
											"storedProcedureName": "[dbo].[spu_FwkWatermarkDtUpdate]",
											"storedProcedureParameters": {
												"LastModifiedTime": {
													"value": {
														"value": "@formatdatetime(pipeline().parameters.PL_01TriggerTime)",
														"type": "Expression"
													},
													"type": "Datetime"
												},
												"SrcObjectChild": {
													"value": {
														"value": "@string(item().name)",
														"type": "Expression"
													},
													"type": "String"
												},
												"OldValueWmkDt": {
													"value": {
														"value": "@formatdatetime(activity('LookupWmkLastUpdateConfig').output.firstRow.NewValueWatermark)",
														"type": "Expression"
													},
													"type": "Datetime"
												},
												"FwkConfigId": {
													"value": {
														"value": "@pipeline().parameters.FwkItem['FwkConfigId']",
														"type": "Expression"
													},
													"type": "Int64"
												},
												"SinkPath": {
													"value": {
														"value": "@CONCAT(if(equals(pipeline().parameters.FwkItem['SinkPathGranularity'],'YY'),CONCAT('idfdata','/','bronze','/', split(item().name, '.')[0],'/',formatDateTime(pipeline().parameters.PL_01TriggerTime,'yyyy')),if(equals(pipeline().parameters.FwkItem['SinkPathGranularity'],'MM'),CONCAT('idfdata','bronze','/', split(item().name, '.')[0],'/',formatDateTime(pipeline().parameters.PL_01TriggerTime,'yyyy'),'-',formatDateTime(pipeline().parameters.PL_01TriggerTime,'MM')),if(equals(pipeline().parameters.FwkItem['SinkPathGranularity'],'DD'),CONCAT('idfdata','/','bronze','/', split(item().name, '.')[0],'/',formatDateTime(pipeline().parameters.PL_01TriggerTime,'yyyy'),'-',formatDateTime(pipeline().parameters.PL_01TriggerTime,'MM'),'-',formatDateTime(pipeline().parameters.PL_01TriggerTime,'dd')),CONCAT('idfdata','/','bronze','/', split(item().name, '.')[0],'/',formatDateTime(pipeline().parameters.PL_01TriggerTime,'yyyy'),'-',formatDateTime(pipeline().parameters.PL_01TriggerTime,'MM'),'-',formatDateTime(pipeline().parameters.PL_01TriggerTime,'dd'))))),'/', split(item().name, '.')[0],'_',formatDateTime(pipeline().parameters.PL_01TriggerTime,'yyyy'),formatDateTime(pipeline().parameters.PL_01TriggerTime,'MM'),formatDateTime(pipeline().parameters.PL_01TriggerTime,'dd'), '.',split(item().name, '.')[1])",
														"type": "Expression"
													},
													"type": "String"
												}
											}
										},
										"linkedServiceName": {
											"referenceName": "LS_sqlconfiguration",
											"type": "LinkedServiceReference"
										}
									},
									{
										"name": "sp_InsertIntoFwkTempPrms",
										"description": "Insert the parameters needed for Data Validation into a \"temporary\" table named FwkTempPrms.",
										"type": "SqlServerStoredProcedure",
										"dependsOn": [
											{
												"activity": "ADLStoBlob",
												"dependencyConditions": [
													"Succeeded"
												]
											}
										],
										"policy": {
											"timeout": "7.00:00:00",
											"retry": 0,
											"retryIntervalInSeconds": 30,
											"secureOutput": false,
											"secureInput": false
										},
										"userProperties": [],
										"typeProperties": {
											"storedProcedureName": "[dbo].[spi_FwkIngtOutputInsert]",
											"storedProcedureParameters": {
												"EntRunId": {
													"value": {
														"value": "@pipeline().parameters.EntRunId",
														"type": "Expression"
													},
													"type": "String"
												},
												"FwkLogId": {
													"value": {
														"value": "@pipeline().parameters.FwkLogId",
														"type": "Expression"
													},
													"type": "Int64"
												},
												"FwkConfigId": {
													"value": {
														"value": "@pipeline().parameters.FwkItem['FwkConfigId']",
														"type": "Expression"
													},
													"type": "Int64"
												},
												"SrcObjectChild": {
													"value": {
														"value": "@item().name",
														"type": "Expression"
													},
													"type": "String"
												},
												"SinkPath": {
													"value": {
														"value": "@CONCAT(if(equals(pipeline().parameters.FwkItem['SinkPathGranularity'],'YY'),CONCAT('idfdata','/','bronze','/', split(item().name, '.')[0],'/',formatDateTime(pipeline().parameters.PL_01TriggerTime,'yyyy')),if(equals(pipeline().parameters.FwkItem['SinkPathGranularity'],'MM'),CONCAT('idfdata','bronze','/', split(item().name, '.')[0],'/',formatDateTime(pipeline().parameters.PL_01TriggerTime,'yyyy'),'-',formatDateTime(pipeline().parameters.PL_01TriggerTime,'MM')),if(equals(pipeline().parameters.FwkItem['SinkPathGranularity'],'DD'),CONCAT('idfdata','/','bronze','/', split(item().name, '.')[0],'/',formatDateTime(pipeline().parameters.PL_01TriggerTime,'yyyy'),'-',formatDateTime(pipeline().parameters.PL_01TriggerTime,'MM'),'-',formatDateTime(pipeline().parameters.PL_01TriggerTime,'dd')),CONCAT('idfdata','/','bronze','/', split(item().name, '.')[0],'/',formatDateTime(pipeline().parameters.PL_01TriggerTime,'yyyy'),'-',formatDateTime(pipeline().parameters.PL_01TriggerTime,'MM'),'-',formatDateTime(pipeline().parameters.PL_01TriggerTime,'dd'))))),  '/', split(item().name, '.')[0],'_',formatDateTime(pipeline().parameters.PL_01TriggerTime,'yyyy'),formatDateTime(pipeline().parameters.PL_01TriggerTime,'MM'),formatDateTime(pipeline().parameters.PL_01TriggerTime,'dd'), '.',split(item().name, '.')[1])",
														"type": "Expression"
													},
													"type": "String"
												},
												"RowsRead": {
													"value": {
														"value": "@if(contains(activity('ADLStoBlob').output, 'rowsRead'), activity('ADLStoBlob').output, coalesce(null,null,null))",
														"type": "Expression"
													},
													"type": "Int64"
												},
												"RowsCopied": {
													"value": {
														"value": "@if(contains(activity('ADLStoBlob').output, 'rowsCopied'), activity('ADLStoBlob').output, coalesce(null,null,null))",
														"type": "Expression"
													},
													"type": "Int64"
												},
												"FileFormat": {
													"value": {
														"value": "@if(contains(pipeline().parameters.FwkItem['SrcObject'],'.'),split(string(pipeline().parameters.FwkItem['SrcObject']),'.')[1],split(string(item().name),'.')[1])",
														"type": "Expression"
													},
													"type": "String"
												}
											}
										},
										"linkedServiceName": {
											"referenceName": "LS_sqlconfiguration",
											"type": "LinkedServiceReference"
										}
									}
								]
							}
						}
					]
				}
			},
			{
				"name": "FilterChildItems",
				"type": "Filter",
				"dependsOn": [],
				"userProperties": [],
				"typeProperties": {
					"items": {
						"value": "@array(pipeline().parameters.ChildItemsList)",
						"type": "Expression"
					},
					"condition": {
						"value": "@or(equals(pipeline().parameters.FwkItem['SrcObject'], item().name), not(contains(pipeline().parameters.FwkItem['SrcObject'], '.')))",
						"type": "Expression"
					}
				}
			}
		],
		"parameters": {
			"ChildItemsList": {
				"type": "array"
			},
			"PL_01TriggerTime": {
				"type": "string"
			},
			"FwkItem": {
				"type": "array"
			},
			"FwkLogId": {
				"type": "string"
			},
			"EntRunId": {
				"type": "string"
			}
		},
		"folder": {
			"name": "01 Ingestion Module"
		},
		"annotations": [],
		"lastPublishTime": "2022-06-28T01:52:59Z"
	},
	"type": "Microsoft.DataFactory/factories/pipelines"
}