{
	"name": "PL_DataSupplyChainBus_IDF_ADAPT",
	"properties": {
		"description": "Controls the data flow.",
		"activities": [
			{
				"name": "Execute Ingestion Module",
				"type": "ExecutePipeline",
				"dependsOn": [
					{
						"activity": "SetPipelineRunId",
						"dependencyConditions": [
							"Succeeded"
						]
					}
				],
				"userProperties": [],
				"typeProperties": {
					"pipeline": {
						"referenceName": "PL_01_GetSourceData",
						"type": "PipelineReference"
					},
					"waitOnCompletion": true,
					"parameters": {
						"EntRunId": {
							"value": "@pipeline().RunId",
							"type": "Expression"
						},
						"TriggerName": {
							"value": "manual",
							"type": "Expression"
						},
						"SAP_client": {
							"value": "@pipeline().globalParameters.prm_SAP_client",
							"type": "Expression"
						},
						"DataMarketPlaceList": {
							"value": "@pipeline().parameters.prm_DataMarketPlaceList",
							"type": "Expression"
						}
					}
				}
			},
			{
				"name": "SetPipelineRunId",
				"type": "SetVariable",
				"dependsOn": [],
				"userProperties": [],
				"typeProperties": {
					"variableName": "PipelineRunId",
					"value": {
						"value": "@pipeline().RunId",
						"type": "Expression"
					}
				}
			}
		],
		"parameters": {
			"prm_p_sub_day": {
				"type": "int",
				"defaultValue": 0
			},
			"prm_p_sub_month": {
				"type": "int",
				"defaultValue": 0
			},
			"prm_DataMarketPlaceList": {
				"type": "string"
			}
		},
		"variables": {
			"PipelineRunId": {
				"type": "String"
			}
		},
		"annotations": [],
		"lastPublishTime": "2022-07-07T16:22:12Z"
	},
	"type": "Microsoft.DataFactory/factories/pipelines"
}