{
	"name": "DS_ADLS_IDF_sink",
	"properties": {
		"linkedServiceName": {
			"referenceName": "LS_adls",
			"type": "LinkedServiceReference",
			"parameters": {
				"InstanceURL": {
					"value": "@dataset().FwkItem['InstanceURL']",
					"type": "Expression"
				},
				"SecretName": {
					"value": "@dataset().FwkItem['SecretName']",
					"type": "Expression"
				}
			}
		},
		"parameters": {
			"FwkItem": {
				"type": "array"
			},
			"pipelineTriggerTime": {
				"type": "string"
			},
			"filename": {
				"type": "string"
			},
			"fileformat": {
				"type": "string"
			}
		},
		"folder": {
			"name": "01 Ingestion Module DS"
		},
		"annotations": [],
		"type": "DelimitedText",
		"typeProperties": {
			"location": {
				"type": "AzureBlobFSLocation",
				"fileName": {
					"value": "@CONCAT(dataset().filename,'_',formatDateTime(dataset().pipelineTriggerTime,'yyyy'),formatDateTime(dataset().pipelineTriggerTime,'MM'),formatDateTime(dataset().pipelineTriggerTime,'dd'),'.',dataset().fileformat)",
					"type": "Expression"
				},
				"folderPath": {
					"value": "@if(\n\tequals(dataset().FwkItem['SinkPathGranularity'],'YY'),\n\t\tCONCAT(dataset().FwkItem['SourceType'],'/',\n\t\t\tdataset().FwkItem['DatabaseName'],'/',\n\t\t\tdataset().FwkItem['SchemaName'],'/',\n\t\t\tdataset().FwkItem['SrcObject'],'/',\n\t\t\t'input/',\n\t\t\tformatDateTime(dataset().pipelineTriggerTime,'yyyy')),\n\tif(equals(dataset().FwkItem['SinkPathGranularity'],'MM'),\n\t\tCONCAT(dataset().FwkItem['SourceType'],'/',\n\t\t\tdataset().FwkItem['DatabaseName'],'/',\n\t\t\tdataset().FwkItem['SchemaName'],'/',\n\t\t\tdataset().FwkItem['SrcObject'],'/',\n\t\t\t'input/',\n\t\t\tformatDateTime(dataset().pipelineTriggerTime,'yyyy'),'/',\n\t\t\tformatDateTime(dataset().pipelineTriggerTime,'MM')),\n\tif(equals(dataset().FwkItem['SinkPathGranularity'],'DD'),\n\t\tCONCAT(dataset().FwkItem['SourceType'],'/',\n\t\t\tdataset().FwkItem['SchemaName'],'/',\n\t\t\t'input/',\n\t\t\tformatDateTime(dataset().pipelineTriggerTime,'yyyy'),'-',\n\t\t\tformatDateTime(dataset().pipelineTriggerTime,'MM'),'-',\n\t\t\tformatDateTime(dataset().pipelineTriggerTime,'dd')),\n\t\tCONCAT(dataset().FwkItem['SourceType'],'/',\n\t\t\tdataset().FwkItem['SchemaName'],'/',\n\t\t\t'input/',\n\t\t\tformatDateTime(dataset().pipelineTriggerTime,'yyyy'),'-',\n\t\t\tformatDateTime(dataset().pipelineTriggerTime,'MM'),'-',\n\t\t\tformatDateTime(dataset().pipelineTriggerTime,'dd')))))",
					"type": "Expression"
				},
				"fileSystem": "sourcezone"
			},
			"columnDelimiter": ",",
			"escapeChar": "\\",
			"firstRowAsHeader": true,
			"quoteChar": "\""
		},
		"schema": []
	},
	"type": "Microsoft.DataFactory/factories/datasets"
}