{
	"name": "DS_ADLS_Source",
	"properties": {
		"linkedServiceName": {
			"referenceName": "LS_adls",
			"type": "LinkedServiceReference",
			"parameters": {
				"InstanceURL": {
					"value": "@dataset().FwkItem['InstanceURL']",
					"type": "Expression"
				},
				"SecretName": {
					"value": "@dataset().FwkItem['SecretName']",
					"type": "Expression"
				}
			}
		},
		"parameters": {
			"FwkItem": {
				"type": "array"
			},
			"flag": {
				"type": "int"
			},
			"childitem": {
				"type": "array"
			}
		},
		"folder": {
			"name": "01 Ingestion Module DS"
		},
		"annotations": [],
		"type": "DelimitedText",
		"typeProperties": {
			"location": {
				"type": "AzureBlobFSLocation",
				"fileSystem": {
					"value": "@if(equals(dataset().flag,2),if(contains(dataset().FwkItem['SrcObject'], '.'),dataset().FwkItem['SrcPath'],concat(dataset().FwkItem['SrcPath'], '/', string(dataset().FwkItem['SrcObject']))),if(contains(dataset().FwkItem['SrcObject'], '.'), concat(dataset().FwkItem['SrcPath'], '/', string(dataset().FwkItem['SrcObject'])),concat(dataset().FwkItem['SrcPath'], '/', string(dataset().FwkItem['SrcObject']),'/',dataset().childitem['name'])))",
					"type": "Expression"
				}
			},
			"columnDelimiter": ",",
			"escapeChar": "\\",
			"firstRowAsHeader": true,
			"quoteChar": "\""
		},
		"schema": []
	},
	"type": "Microsoft.DataFactory/factories/datasets"
}