{
	"name": "DS_RAW_Sink",
	"properties": {
		"linkedServiceName": {
			"referenceName": "LS_blobcsv",
			"type": "LinkedServiceReference"
		},
		"parameters": {
			"FwkItem": {
				"type": "array"
			},
			"pipelineTriggerTime": {
				"type": "string"
			},
			"filename": {
				"type": "string"
			},
			"fileformat": {
				"type": "string"
			}
		},
		"folder": {
			"name": "01 Ingestion Module DS"
		},
		"annotations": [],
		"type": "DelimitedText",
		"typeProperties": {
			"location": {
				"type": "AzureBlobStorageLocation",
				"fileName": {
					"value": "@CONCAT(dataset().filename,'_',formatDateTime(dataset().pipelineTriggerTime,'yyyy'),formatDateTime(dataset().pipelineTriggerTime,'MM'),formatDateTime(dataset().pipelineTriggerTime,'dd'),formatDateTime(dataset().pipelineTriggerTime,'HH'),formatDateTime(dataset().pipelineTriggerTime,'mm'),'.',dataset().fileformat)",
					"type": "Expression"
				},
				"folderPath": {
					"value": "@if(equals(dataset().FwkItem['SinkPathGranularity'],'YY'),CONCAT(dataset().FwkItem['SourceType'],'/',dataset().FwkItem['DatabaseName'],'/',dataset().FwkItem['SchemaName'],'/',dataset().filename,'/',formatDateTime(dataset().pipelineTriggerTime,'yyyy')),if(equals(dataset().FwkItem['SinkPathGranularity'],'MM'),CONCAT(dataset().FwkItem['SourceType'],'/',dataset().FwkItem['DatabaseName'],'/',dataset().FwkItem['SchemaName'],'/',dataset().filename,'/',formatDateTime(dataset().pipelineTriggerTime,'yyyy'),'/',formatDateTime(dataset().pipelineTriggerTime,'MM')),if(equals(dataset().FwkItem['SinkPathGranularity'],'DD'),CONCAT(dataset().FwkItem['SourceType'],'/',dataset().FwkItem['DatabaseName'],'/',dataset().FwkItem['SchemaName'],'/',dataset().filename,'/',formatDateTime(dataset().pipelineTriggerTime,'yyyy'),'/',formatDateTime(dataset().pipelineTriggerTime,'MM'),'/',formatDateTime(dataset().pipelineTriggerTime,'dd')),CONCAT(dataset().FwkItem['SourceType'],'/',dataset().FwkItem['DatabaseName'],'/',dataset().FwkItem['SchemaName'],'/',dataset().filename,'/',formatDateTime(dataset().pipelineTriggerTime,'yyyy'),'/',formatDateTime(dataset().pipelineTriggerTime,'MM'),'/',formatDateTime(dataset().pipelineTriggerTime,'dd'),'/',formatDateTime(dataset().pipelineTriggerTime,'HH')))))",
					"type": "Expression"
				},
				"container": "sink"
			},
			"columnDelimiter": ",",
			"escapeChar": "\\",
			"firstRowAsHeader": true,
			"quoteChar": "\""
		},
		"schema": []
	},
	"type": "Microsoft.DataFactory/factories/datasets"
}