{
	"name": "DS_SQL_Source",
	"properties": {
		"linkedServiceName": {
			"referenceName": "LS_sqldatabase",
			"type": "LinkedServiceReference",
			"parameters": {
				"SecretName": {
					"value": "@dataset().FwkItem['SecretName']",
					"type": "Expression"
				}
			}
		},
		"parameters": {
			"FwkItem": {
				"type": "array"
			}
		},
		"folder": {
			"name": "01 Ingestion Module DS"
		},
		"annotations": [],
		"type": "AzureSqlTable",
		"schema": [],
		"typeProperties": {
			"schema": {
				"value": "@dataset().FwkItem['SchemaName']",
				"type": "Expression"
			},
			"table": {
				"value": "@dataset().FwkItem['SrcObject']",
				"type": "Expression"
			}
		}
	},
	"type": "Microsoft.DataFactory/factories/datasets"
}