{
	"name": "LS_sqldatabase",
	"type": "Microsoft.DataFactory/factories/linkedservices",
	"properties": {
		"parameters": {
			"SecretName": {
				"type": "string"
			}
		},
		"annotations": [],
		"type": "AzureSqlDatabase",
		"typeProperties": {
			"connectionString": {
				"type": "AzureKeyVaultSecret",
				"store": {
					"referenceName": "LS_AzureKeyVault_Secrete",
					"type": "LinkedServiceReference"
				},
				"secretName": {
					"value": "@linkedService().SecretName",
					"type": "Expression"
				}
			}
		}
	}
}